{"raw": [0.2898720087893123, 0.28073451472963684], "rollout": [-0.03356327768605361, 0.2934216879327657], "norm": [0.41373835842857987, 0.25924207952293454], "ours": [0.5587174801088692, 0.18730981989462617], "grad": [1.0, 0.0]}