{"raw": [0.24410733063220538, 0.17782896166580567], "rollout": [-0.02225365848249939, 0.2029987650002591], "norm": [0.18685724816270782, 0.1947266461981913], "ours": [0.39535263042676216, 0.15517755891309737]}