{"raw": [0.63580318019954, 0.23300738970940127], "rollout": [0.9342456726674555, 0.0672672053459884], "rollout_norm": [0.8526906033919565, 0.2038168050271294], "our": [0.2884934985741202, 0.22340455829961697], "grad": [0.5248593235927244, 0.20654695010182283]}