{"raw": [0.3819326405644881, 0.17958211432025703], "rollout": [0.23217770131176996, 0.2158312168807822], "norm": [0.30541056269679273, 0.19645267446614714], "ours": [0.413216732640572, 0.17014207182420352]}