{"raw": [0.5807914786544588, 0.2421946290836283], "rollout": [0.9039242753255283, 0.13039724379530632], "rollout_norm": [0.8144017387747856, 0.24982157215216033], "our": [0.2293098829440722, 0.16222511539992618], "grad": [0.4827736586824716, 0.32554937981035004]}