{"raw": [0.3819326405644881, 0.17958211432025703], "rollout": [0.23217770131176996, 0.2158312168807822], "norm": [0.30541056269679273, 0.19645267446614714], "ours": [0.41791417011148324, 0.1700469181515701]}