{"raw": [0.22630807247786205, 0.2470463057193924], "rollout": [0.23379225051951674, 0.23683797719570754], "norm": [0.2941600394829732, 0.26122994699231855], "ours": [0.5406448367778743, 0.17495863220908378], "grad": [1.0, 0.0]}