{"raw": [0.240067823054396, 0.27405040310634105], "rollout": [0.014207750811659276, 0.23897412019807243], "norm": [0.36535200031478093, 0.21083510886409632], "ours": [0.6888707735643337, 0.16843932941845718], "grad": [1.0, 0.0]}