{"raw": [0.17341189279206584, 0.1964844874301405], "rollout": [-0.09158077367051747, 0.22023676835298653], "norm": [0.08381913636587045, 0.2226121290498114], "ours": [0.4323498191380706, 0.1803083536760621]}