{"raw": [0.5034625715195405, 0.28048049329439534], "rollout": [0.8269164810295064, 0.2383954032240984], "rollout_norm": [0.8257592190728095, 0.20393797122083004], "our": [0.2849573847659223, 0.21708968511175444], "grad": [0.38825692912925774, 0.2673961897000144]}